,Temperature_1,Temperature_2,Humidity_1,Humidity_2,Flow,Time,Temperature_Difference,PWM,Flow_Estimate,Target_Delta_T,Controller_Output_P,Controller_Output_I,Controller_Output_D,Controller_Output
0,19.308547973632812,20.053558349609375,0.0,0.0,59.87750244140625,1613225520.2734141,0.7450103759765625,0.0,0.0,6,0,0,0,0
1,19.3218994140625,20.02685546875,0.0,0.0,60.02906036376953,1613225520.5612202,0.7049560546875,0.0,0.0,6,0,0,0,0
2,19.308547973632812,20.040206909179688,0.0,0.0,60.06490707397461,1613225520.848707,0.731658935546875,0.0,0.0,6,0,0,0,0
3,19.3218994140625,20.040206909179688,0.0,0.0,59.99647521972656,1613225521.1367338,0.7183074951171875,0.0,0.0,6,0,0,0,0
4,19.295196533203125,20.02685546875,0.0,0.0,60.00542449951172,1613225521.4244246,0.731658935546875,0.0,0.0,6,0,0,0,0
5,19.308547973632812,20.013504028320312,0.0,0.0,59.88036346435547,1613225521.7126758,0.7049560546875,0.0,0.0,6,0,0,0,0
6,19.308547973632812,20.040206909179688,0.0,0.0,59.96753692626953,1613225521.9996314,0.731658935546875,0.0,0.0,6,0,0,0,0
7,19.295196533203125,20.02685546875,0.0,0.0,60.01602554321289,1613225522.287926,0.731658935546875,0.0,0.0,6,0,0,0,0
8,19.308547973632812,20.040206909179688,0.0,0.0,60.02131652832031,1613225522.5755713,0.731658935546875,0.0,0.0,6,0,0,0,0
9,19.335250854492188,20.02685546875,0.0,0.0,60.05921173095703,1613225522.8628287,0.6916046142578125,0.0,0.0,6,0,0,0,0
10,19.3218994140625,20.02685546875,0.0,0.0,59.9431037902832,1613225523.151735,0.7049560546875,0.0,0.0,6,0,0,0,0
11,19.308547973632812,20.013504028320312,0.0,0.0,60.09913635253906,1613225523.4390252,0.7049560546875,0.0,0.0,6,0,0,0,0
12,19.308547973632812,20.040206909179688,0.0,0.0,60.041290283203125,1613225523.7267954,0.731658935546875,0.0,0.0,6,0,0,0,0
13,19.308547973632812,20.040206909179688,0.0,0.0,59.848995208740234,1613225524.0140386,0.731658935546875,0.0,0.0,6,0,0,0,0
14,19.3218994140625,20.02685546875,0.0,0.0,59.9940185546875,1613225524.3018672,0.7049560546875,0.0,0.0,6,0,0,0,0
15,19.308547973632812,20.040206909179688,0.0,0.0,60.03761291503906,1613225524.590463,0.731658935546875,0.0,0.0,6,0,0,0,0
16,19.3218994140625,20.02685546875,0.0,0.0,59.997283935546875,1613225524.8775406,0.7049560546875,0.0,0.0,6,0,0,0,0
17,19.335250854492188,20.040206909179688,0.0,0.0,60.013980865478516,1613225525.1646447,0.7049560546875,0.0,0.0,6,0,0,0,0
18,19.3218994140625,20.02685546875,0.0,0.0,60.0616569519043,1613225525.453041,0.7049560546875,0.0,0.0,6,0,0,0,0
19,19.295196533203125,19.997482299804688,0.0,0.0,59.98994827270508,1613225525.7407405,0.7022857666015625,0.0,0.0,6,0,0,0,0
20,19.308547973632812,20.013504028320312,0.0,0.0,60.01765823364258,1613225526.0282524,0.7049560546875,0.0,0.0,6,0,0,0,0
21,19.308547973632812,20.02685546875,0.0,0.0,60.12398147583008,1613225526.3158395,0.7183074951171875,0.0,0.0,6,0,0,0,0
22,19.335250854492188,20.013504028320312,0.0,0.0,59.967552185058594,1613225526.6041462,0.678253173828125,0.0,0.0,6,0,0,0,0
23,19.308547973632812,20.02685546875,0.0,0.0,60.03721237182617,1613225526.891422,0.7183074951171875,1.0,3892.6044280028686,6,0,0,0,0
24,19.308547973632812,20.02685546875,0.0,0.0,60.00094985961914,1613225527.1796432,0.7183074951171875,1.0,3892.6044280028686,6,0,0,0,0
25,19.308547973632812,20.040206909179688,0.0,0.0,59.97772979736328,1613225527.4675686,0.731658935546875,1.0,3821.571500484569,6,0,0,0,0
26,19.308547973632812,20.053558349609375,0.0,0.0,59.92150115966797,1613225527.7548544,0.7450103759765625,1.0,3753.08455603144,6,0,0,0,0
27,19.3218994140625,20.125656127929688,0.0,0.0,59.93495178222656,1613225528.0424964,0.8037567138671875,1.0,3478.7727280158533,6,0,0,0,0
28,19.335250854492188,20.168380737304688,0.0,0.0,59.9940185546875,1613225528.3306136,0.8331298828125,1.0,3356.1236895281145,6,0,0,0,0
29,19.308547973632812,20.280532836914062,0.0,0.0,59.970794677734375,1613225528.6178794,0.97198486328125,1.0,2876.6774481669554,6,0,0,0,0
30,19.308547973632812,20.419387817382812,0.0,0.0,59.93495559692383,1613225528.9060204,1.11083984375,1.0,2517.092767146086,6,0,0,0,0
31,19.3218994140625,20.576934814453125,0.0,0.0,60.03435134887695,1613225529.1940582,1.255035400390625,1.0,2227.8948747505783,6,0,0,0,0
32,19.308547973632812,20.787887573242188,0.0,0.0,59.882389068603516,1613225529.4819515,1.479339599609375,1.0,1890.091319734245,6,0,0,0,0
33,19.308547973632812,20.99884033203125,0.0,0.0,60.00992202758789,1613225529.7697084,1.6902923583984375,1.0,1654.2031455494025,6,0,0,0,0
34,19.308547973632812,21.268539428710938,0.0,0.0,60.05879592895508,1613225530.057848,1.959991455078125,1.0,1426.5811868293893,6,0,0,0,0
35,19.3218994140625,21.506195068359375,0.0,0.0,60.033138275146484,1613225530.3446445,2.184295654296875,1.0,1280.0862972283273,6,0,0,0,0
36,19.308547973632812,21.802597045898438,0.0,0.0,60.000545501708984,1613225530.6329134,2.494049072265625,1.0,1121.1034166303766,6,0,0,0,0
37,19.295196533203125,22.08831787109375,0.0,0.0,59.95449447631836,1613225530.9208446,2.793121337890625,1.0,1001.0617506049445,6,0,0,0,0
38,19.3218994140625,22.395401000976562,0.0,0.0,59.99647521972656,1613225531.2087116,3.0735015869140625,1.0,909.7398706627034,6,0,0,0,0
39,19.308547973632812,22.763900756835938,0.0,0.0,59.95817184448242,1613225531.4962173,3.455352783203125,1.0,809.2044753730847,6,0,0,0,0
40,19.308547973632812,23.089675903320312,0.0,0.0,60.09791564941406,1613225531.7841566,3.7811279296875,1.0,739.4848807434829,6,0,0,0,0
41,19.276504516601562,23.468856811523438,0.0,0.0,59.93210220336914,1613225532.0717907,4.192352294921875,1.0,666.9494211036763,6,0,0,0,0
42,19.295196533203125,23.834686279296875,0.0,0.0,59.96998977661133,1613225532.3592088,4.53948974609375,1.0,615.9474065486893,6,0,0,0,0
43,19.276504516601562,24.232559204101562,0.0,0.0,60.00910568237305,1613225532.6475265,4.9560546875,1.0,564.1759650499848,6,0,0,0,0
44,19.308547973632812,24.64111328125,0.0,0.0,60.00827407836914,1613225532.934642,5.3325653076171875,1.0,524.341808278804,6,0,0,0,0
45,19.308547973632812,25.006942749023438,0.0,0.0,59.98750305175781,1613225533.222662,5.698394775390625,1.0,490.6797521709334,6,0,0,0,0
46,19.276504516601562,25.471572875976562,0.0,0.0,60.01438903808594,1613225533.510259,6.195068359375,1.0,451.3407720399878,6,0,0,0,0
47,19.295196533203125,25.952224731445312,0.0,0.0,59.99972152709961,1613225533.797885,6.6570281982421875,1.0,420.02029327427664,6,0,0,0,0
48,19.335250854492188,26.363449096679688,0.0,0.0,59.989540100097656,1613225534.0856915,7.0281982421875,1.0,397.8383704911747,6,0,0,0,0
49,19.3218994140625,26.772003173828125,0.0,0.0,60.02334976196289,1613225534.3737557,7.450103759765625,1.0,375.308455603144,6,0,0,0,0
50,19.3218994140625,27.167205810546875,0.0,0.0,60.00543212890625,1613225534.6615813,7.845306396484375,1.0,356.4025157021007,6,0,0,0,0
51,19.3218994140625,27.634506225585938,0.0,0.0,59.94309616088867,1613225534.9488668,8.312606811523438,1.0,336.3670385906752,6,0,0,0,0
52,19.335250854492188,28.053741455078125,0.0,0.0,60.0168342590332,1613225535.2364058,8.718490600585938,1.0,320.70768487986885,6,0,0,0,0
53,19.3218994140625,28.5076904296875,0.0,0.0,60.09832763671875,1613225535.5248086,9.185791015625,1.0,304.3926137013871,6,0,0,0,0
54,19.3218994140625,28.929595947265625,0.0,0.0,59.994022369384766,1613225535.812442,9.607696533203125,1.0,291.0257340558009,6,0,0,0,0
55,19.3218994140625,29.383544921875,0.0,0.0,59.99320602416992,1613225536.1004248,10.0616455078125,1.0,277.89559212653177,6,0,0,0,0
56,19.3218994140625,29.77874755859375,0.0,0.0,60.01561737060547,1613225536.3878362,10.45684814453125,1.0,267.3928986549468,6,0,0,0,0
57,19.3218994140625,30.1739501953125,0.0,0.0,59.89909362792969,1613225536.67581,10.85205078125,1.0,257.6551651409379,6,0,0,0,0
58,19.3218994140625,30.641250610351562,0.0,0.0,60.02458190917969,1613225536.9637315,11.319351196289062,1.0,247.0183041124727,6,0,0,0,0
59,19.335250854492188,31.079177856445312,0.0,0.0,59.987098693847656,1613225537.251115,11.743927001953125,1.0,238.08790157634647,6,0,0,0,0
60,19.335250854492188,31.501083374023438,0.0,0.0,60.03678894042969,1613225537.5389602,12.16583251953125,1.0,229.83112184652583,6,0,0,0,0
61,19.351272583007812,31.9683837890625,0.0,0.0,60.034358978271484,1613225537.8265178,12.617111206054688,1.0,221.61070711804692,6,0,0,0,0
62,19.3218994140625,32.37693786621094,0.0,0.0,60.069801330566406,1613225538.1145587,13.055038452148438,1.0,214.17684416706314,6,0,0,0,0
63,19.351272583007812,32.828216552734375,0.0,0.0,60.077537536621094,1613225538.4018247,13.476943969726562,1.0,207.47188253076516,6,0,0,0,0
64,19.351272583007812,33.266143798828125,0.0,0.0,60.013572692871094,1613225538.689632,13.914871215820312,1.0,200.94235101377313,6,0,0,0,0
65,19.308547973632812,33.69071960449219,0.0,0.0,59.940242767333984,1613225538.9788496,14.382171630859375,1.0,194.413403478049,6,0,0,0,0
66,19.3218994140625,34.16069030761719,0.0,0.0,59.866512298583984,1613225539.2656944,14.838790893554688,1.0,188.43091436616373,6,0,0,0,0
67,19.3218994140625,34.54254150390625,0.0,0.0,59.942691802978516,1613225539.5537589,15.22064208984375,1.0,183.70361247943364,6,0,0,0,0
68,19.3218994140625,35.02052307128906,0.0,0.0,59.9288330078125,1613225539.8418088,15.698623657226562,1.0,178.11032337689602,6,0,0,0,0
69,19.308547973632812,35.47447204589844,0.0,0.0,60.01113510131836,1613225540.1290426,16.165924072265625,1.0,172.96177587260848,6,0,0,0,0
70,19.335250854492188,35.883026123046875,0.0,0.0,59.97935485839844,1613225540.4164245,16.547775268554688,1.0,168.9705649722078,6,0,0,0,0
71,19.351272583007812,36.29692077636719,0.0,0.0,59.993614196777344,1613225540.7045715,16.945648193359375,1.0,165.00324474200625,6,0,0,0,0
72,19.335250854492188,36.73484802246094,0.0,0.0,59.89216995239258,1613225540.9924839,17.39959716796875,1.0,160.69837187427436,6,0,0,0,0
73,19.335250854492188,37.11402893066406,0.0,0.0,60.01602554321289,1613225541.2799451,17.778778076171875,1.0,157.271041023246,6,0,0,0,0
74,19.351272583007812,37.538604736328125,0.0,0.0,59.97935485839844,1613225541.5675757,18.187332153320312,1.0,153.73815755876842,6,0,0,0,0
75,19.3218994140625,37.9498291015625,0.0,0.0,60.03150177001953,1613225541.855723,18.6279296875,1.0,150.10186226100512,6,0,0,0,0
76,19.335250854492188,38.371734619140625,0.0,0.0,59.99484634399414,1613225542.1437063,19.036483764648438,1.0,146.88043079432904,6,0,0,0,0
77,19.335250854492188,38.809661865234375,0.0,0.0,60.03477096557617,1613225542.430618,19.474411010742188,1.0,143.57748404398353,6,0,0,0,0
78,19.335250854492188,39.19151306152344,0.0,0.0,59.90399169921875,1613225542.7191222,19.85626220703125,1.0,140.8163785815992,6,0,0,0,0
79,19.335250854492188,39.59205627441406,0.0,0.0,59.9675407409668,1613225543.0066173,20.256805419921875,1.0,138.03197879419614,6,0,0,0,0
80,19.351272583007812,39.9578857421875,0.0,0.0,60.001766204833984,1613225543.2943928,20.606613159179688,1.0,135.688815748707,6,0,0,0,0
81,19.335250854492188,40.369110107421875,0.0,0.0,60.0180549621582,1613225543.5817256,21.033859252929688,1.0,132.93266359435975,6,0,0,0,0
82,19.3646240234375,40.75096130371094,0.0,0.0,60.02499008178711,1613225543.8696675,21.386337280273438,1.0,130.7417394347324,6,0,0,0,0
83,19.335250854492188,41.17286682128906,0.0,0.0,60.077537536621094,1613225544.1582303,21.837615966796875,1.0,128.039935330493,6,0,0,0,0
84,19.3218994140625,41.52801513671875,0.0,0.0,59.9842414855957,1613225544.444956,22.20611572265625,1.0,125.9151744988903,6,0,0,0,0
85,19.351272583007812,41.8804931640625,0.0,0.0,59.96223831176758,1613225544.7333822,22.529220581054688,1.0,124.10935061429083,6,0,0,0,0
86,19.3646240234375,42.26234436035156,0.0,0.0,60.04576873779297,1613225545.0204942,22.897720336914062,1.0,122.11202228953607,6,0,0,0,0
87,19.351272583007812,42.61482238769531,0.0,0.0,59.97201919555664,1613225545.3083384,23.2635498046875,1.0,120.19175747621348,6,0,0,0,0
88,19.351272583007812,42.95127868652344,0.0,0.0,60.05513000488281,1613225545.5965347,23.600006103515625,1.0,118.47822936555461,6,0,0,0,0
89,19.335250854492188,43.30375671386719,0.0,0.0,60.00991439819336,1613225545.8845289,23.968505859375,1.0,116.6567057857366,6,0,0,0,0
90,19.335250854492188,43.68560791015625,0.0,0.0,59.98953628540039,1613225546.1719286,24.350357055664062,1.0,114.82734851768525,6,0,0,0,0
91,19.335250854492188,44.04075622558594,0.0,0.0,59.93942642211914,1613225546.4600275,24.70550537109375,1.0,113.1766743550337,6,0,0,0,0
92,19.351272583007812,44.406585693359375,0.0,0.0,59.95695495605469,1613225546.7498677,25.055313110351562,1.0,111.59656731671872,6,0,0,0,0
93,19.351272583007812,44.7430419921875,0.0,0.0,60.02579879760742,1613225547.035462,25.391769409179688,1.0,110.11784531841116,6,0,0,0,0
94,19.335250854492188,45.05546569824219,0.0,0.0,60.0445556640625,1613225547.322709,25.72021484375,1.0,108.71164775049542,6,0,0,0,0
95,19.3646240234375,45.410614013671875,0.0,0.0,59.93087387084961,1613225547.6107557,26.045989990234375,1.0,107.35191625310354,6,0,0,0,0
96,19.335250854492188,45.73371887207031,0.0,0.0,59.93983840942383,1613225547.8996043,26.398468017578125,1.0,105.91853035937405,6,0,0,0,0
97,19.377975463867188,46.05682373046875,0.0,0.0,60.024173736572266,1613225548.1865487,26.678848266601562,1.0,104.80538395884012,6,0,0,0,0
98,19.3646240234375,46.36924743652344,0.0,0.0,60.007469177246094,1613225548.474731,27.004623413085938,1.0,103.54104530137168,6,0,0,0,0
99,19.3646240234375,46.7510986328125,0.0,0.0,59.921913146972656,1613225548.7615469,27.386474609375,1.0,102.09736653010644,6,0,0,0,0
100,19.351272583007812,47.06085205078125,0.0,0.0,60.01316833496094,1613225549.0499444,27.709579467773438,1.0,100.90687011012545,6,0,0,0,0
101,19.377975463867188,47.37060546875,0.0,0.0,60.077537536621094,1613225549.3374982,27.992630004882812,1.0,99.88653926669578,6,0,0,0,0
102,19.351272583007812,47.71240234375,0.0,0.0,60.04086685180664,1613225549.6257994,28.361129760742188,1.0,98.58870079397154,6,0,0,0,0
103,19.3646240234375,48.006134033203125,0.0,0.0,60.027427673339844,1613225549.9127667,28.641510009765625,1.0,97.6235867175808,6,0,0,0,0
104,19.377975463867188,48.31855773925781,0.0,0.0,59.99768829345703,1613225550.200752,28.940582275390625,1.0,96.61474359962833,6,0,0,0,0
105,19.351272583007812,48.62831115722656,0.0,0.0,59.95491027832031,1613225550.4889398,29.27703857421875,1.0,95.5044318800412,6,0,0,0,0
106,19.393997192382812,48.951416015625,0.0,0.0,59.944732666015625,1613225550.7765393,29.557418823242188,1.0,94.59848144663219,6,0,0,0,0
107,19.3646240234375,49.25048828125,0.0,0.0,60.057579040527344,1613225551.0641465,29.8858642578125,1.0,93.55884481172015,6,0,0,0,0
108,19.377975463867188,49.533538818359375,0.0,0.0,60.002994537353516,1613225551.3515658,30.155563354492188,1.0,92.7220925469558,6,0,0,0,0
109,19.393997192382812,49.81391906738281,0.0,0.0,59.9952392578125,1613225551.6392598,30.419921875,1.0,91.91630891263797,6,0,0,0,0
110,19.393997192382812,50.13969421386719,0.0,0.0,60.083251953125,1613225551.9272785,30.745697021484375,1.0,90.94238241556121,6,0,0,0,0
111,19.3646240234375,50.42274475097656,0.0,0.0,59.98221206665039,1613225552.2146842,31.058120727539062,1.0,90.0275635055259,6,0,0,0,0
112,19.377975463867188,50.703125,0.0,0.0,60.00706100463867,1613225552.502802,31.325149536132812,1.0,89.26013052022604,6,0,0,0,0
113,19.377975463867188,50.97282409667969,0.0,0.0,60.098731994628906,1613225552.7905617,31.5948486328125,1.0,88.49819059607604,6,0,0,0,0
114,19.377975463867188,51.23985290527344,0.0,0.0,60.000545501708984,1613225553.0784843,31.86187744140625,1.0,87.75650277679951,6,0,0,0,0
115,19.377975463867188,51.52290344238281,0.0,0.0,60.057987213134766,1613225553.3662457,32.144927978515625,1.0,86.98376733118224,6,0,0,0,0
116,19.393997192382812,51.7926025390625,0.0,0.0,59.960205078125,1613225553.6537476,32.39860534667969,1.0,86.30269439815147,6,0,0,0,0
117,19.377975463867188,52.01690673828125,0.0,0.0,59.974056243896484,1613225553.9419236,32.63893127441406,1.0,85.66723317784273,6,0,0,0,0
118,19.3646240234375,52.27325439453125,0.0,0.0,60.00746536254883,1613225554.2306473,32.90863037109375,1.0,84.9651566969143,6,0,0,0,0
119,19.377975463867188,52.540283203125,0.0,0.0,60.00502014160156,1613225554.5170653,33.16230773925781,1.0,84.31520985045267,6,0,0,0,0
120,19.377975463867188,52.780609130859375,0.0,0.0,59.98383712768555,1613225554.804991,33.40263366699219,1.0,83.70857711509888,6,0,0,0,0
121,19.377975463867188,53.047637939453125,0.0,0.0,59.98465347290039,1613225555.093015,33.66966247558594,1.0,83.04469752817604,6,0,0,0,0
122,19.393997192382812,53.261260986328125,0.0,0.0,59.90357208251953,1613225555.380049,33.86726379394531,1.0,82.560166453739,6,0,0,0,0
123,19.3646240234375,53.49891662597656,0.0,0.0,60.0180549621582,1613225555.6679683,34.13429260253906,1.0,81.91430737172587,6,0,0,0,0
124,19.393997192382812,53.75526428222656,0.0,0.0,59.99116897583008,1613225555.956156,34.36126708984375,1.0,81.37321970257784,6,0,0,0,0
125,19.377975463867188,53.97956848144531,0.0,0.0,59.97812271118164,1613225556.243506,34.601593017578125,1.0,80.80804068010278,6,0,0,0,0
126,19.377975463867188,54.233245849609375,0.0,0.0,60.02212905883789,1613225556.5317981,34.85527038574219,1.0,80.21991811328981,6,0,0,0,0
127,19.393997192382812,54.46022033691406,0.0,0.0,60.01276397705078,1613225556.81889,35.06622314453125,1.0,79.7373279875702,6,0,0,0,0
128,19.377975463867188,54.72724914550781,0.0,0.0,59.954505920410156,1613225557.1065216,35.349273681640625,1.0,79.09885112046923,6,0,0,0,0
129,19.393997192382812,54.96490478515625,0.0,0.0,59.90846633911133,1613225557.3944495,35.57090759277344,1.0,78.60600488948066,6,0,0,0,0
130,19.393997192382812,55.17852783203125,0.0,0.0,60.03231430053711,1613225557.6826649,35.78453063964844,1.0,78.13675032704812,6,0,0,0,0
131,19.377975463867188,55.445556640625,0.0,0.0,59.99198532104492,1613225557.9702582,36.06758117675781,1.0,77.52355009497089,6,0,0,0,0
132,19.3646240234375,55.64048767089844,0.0,0.0,59.9479866027832,1613225558.2577653,36.27586364746094,1.0,77.07843880255957,6,0,0,0,0
133,19.393997192382812,55.84075927734375,0.0,0.0,59.94227981567383,1613225558.5460498,36.44676208496094,1.0,76.71701891221129,6,0,0,0,0
134,19.377975463867188,56.05171203613281,0.0,0.0,60.07305908203125,1613225558.8330443,36.673736572265625,1.0,76.24221575162166,6,0,0,0,0
135,19.393997192382812,56.27601623535156,0.0,0.0,60.064090728759766,1613225559.1215384,36.88201904296875,1.0,75.81165588855863,6,0,0,0,0
136,19.393997192382812,56.46026611328125,0.0,0.0,59.94635772705078,1613225559.4085636,37.06626892089844,1.0,75.43480953337452,6,0,0,0,0
137,19.393997192382812,56.6845703125,0.0,0.0,60.06980514526367,1613225559.696485,37.29057312011719,1.0,74.98106631813619,6,0,0,0,0
138,19.393997192382812,56.85279846191406,0.0,0.0,59.9989013671875,1613225559.9845712,37.45880126953125,1.0,74.64432500233617,6,0,0,0,0
139,19.420700073242188,57.09312438964844,0.0,0.0,59.9541015625,1613225560.2727377,37.67242431640625,1.0,74.22105125693024,6,0,0,0,0
140,19.4073486328125,57.26402282714844,0.0,0.0,59.98872375488281,1613225560.560256,37.85667419433594,1.0,73.8598145681577,6,0,0,0,0
141,19.4073486328125,57.458953857421875,0.0,0.0,60.013587951660156,1613225560.8480034,38.051605224609375,1.0,73.48144499177346,6,0,0,0,0
142,19.4073486328125,57.64320373535156,0.0,0.0,59.911720275878906,1613225561.1358783,38.23585510253906,1.0,73.12735464297589,6,0,0,0,0
143,19.420700073242188,57.84080505371094,0.0,0.0,59.99605178833008,1613225561.42353,38.42010498046875,1.0,72.7766604901843,6,0,0,0,0
144,19.4073486328125,58.03840637207031,0.0,0.0,60.141910552978516,1613225561.7107701,38.63105773925781,1.0,72.37924871312448,6,0,0,0,0
145,19.393997192382812,58.249359130859375,0.0,0.0,59.95613479614258,1613225561.9986153,38.85536193847656,1.0,71.96141784982281,6,0,0,0,0
146,19.4073486328125,58.430938720703125,0.0,0.0,59.99076843261719,1613225562.2870445,39.023590087890625,1.0,71.65119687510413,6,0,0,0,0
147,19.4073486328125,58.63121032714844,0.0,0.0,59.9541015625,1613225562.5745535,39.22386169433594,1.0,71.2853557854702,6,0,0,0,0
148,19.4073486328125,58.81278991699219,0.0,0.0,59.9565315246582,1613225562.8623357,39.40544128417969,1.0,70.95687410264767,6,0,0,0,0
149,19.4073486328125,59.01039123535156,0.0,0.0,59.952056884765625,1613225563.1499405,39.60304260253906,1.0,70.60283130825782,6,0,0,0,0
150,19.420700073242188,59.135894775390625,0.0,0.0,60.05717468261719,1613225563.4380186,39.71519470214844,1.0,70.40345533065097,6,0,0,0,0
151,19.420700073242188,59.33616638183594,0.0,0.0,60.05717468261719,1613225563.7253458,39.91546630859375,1.0,70.05021348225661,6,0,0,0,0
152,19.434051513671875,59.50439453125,0.0,0.0,60.03516387939453,1613225564.0137253,40.070343017578125,1.0,69.77946095780166,6,0,0,0,0
153,19.420700073242188,59.659271240234375,0.0,0.0,60.06980514526367,1613225564.3016136,40.23857116699219,1.0,69.48772918792035,6,0,0,0,0
154,19.420700073242188,59.84352111816406,0.0,0.0,59.99443054199219,1613225564.5895498,40.422821044921875,1.0,69.17099954635829,6,0,0,0,0
155,19.420700073242188,60.02510070800781,0.0,0.0,60.03068542480469,1613225564.8768933,40.604400634765625,1.0,68.86167244066631,6,0,0,0,0
156,19.4073486328125,60.17997741699219,0.0,0.0,59.991573333740234,1613225565.164586,40.77262878417969,1.0,68.57754870212665,6,0,0,0,0
157,19.393997192382812,60.364227294921875,0.0,0.0,60.01847457885742,1613225565.4518921,40.97023010253906,1.0,68.24679600682865,6,0,0,0,0
158,19.420700073242188,60.535125732421875,0.0,0.0,60.10443115234375,1613225565.7401037,41.11442565917969,1.0,68.00744243247203,6,0,0,0,0
159,19.434051513671875,60.68733215332031,0.0,0.0,59.991580963134766,1613225566.0279775,41.25328063964844,1.0,67.77853525359387,6,0,0,0,0
160,19.420700073242188,60.84220886230469,0.0,0.0,59.908878326416016,1613225566.3156593,41.4215087890625,1.0,67.50326141908018,6,0,0,0,0
161,19.4073486328125,61.01043701171875,0.0,0.0,59.96428298950195,1613225566.60304,41.60308837890625,1.0,67.20863871198792,6,0,0,0,0
162,19.393997192382812,61.165313720703125,0.0,0.0,60.048614501953125,1613225566.8907948,41.77131652832031,1.0,66.93796529647585,6,0,0,0,0
163,19.420700073242188,61.336212158203125,0.0,0.0,59.98506546020508,1613225567.1787019,41.91551208496094,1.0,66.7076888024955,6,0,0,0,0
164,19.434051513671875,61.47773742675781,0.0,0.0,59.91865539550781,1613225567.4660506,42.04368591308594,1.0,66.50432461942025,6,0,0,0,0
165,19.434051513671875,61.603240966796875,0.0,0.0,59.87791442871094,1613225567.7536635,42.169189453125,1.0,66.30639508186245,6,0,0,0,0
166,19.420700073242188,61.74476623535156,0.0,0.0,60.03273010253906,1613225568.042096,42.324066162109375,1.0,66.06375969291936,6,0,0,0,0
167,19.420700073242188,61.902313232421875,0.0,0.0,60.01723861694336,1613225568.329536,42.48161315917969,1.0,65.81875612123778,6,0,0,0,0
168,19.434051513671875,62.07054138183594,0.0,0.0,59.99687957763672,1613225568.6169293,42.63648986816406,1.0,65.5796700152046,6,0,0,0,0
169,19.420700073242188,62.18269348144531,0.0,0.0,60.02294921875,1613225568.9047258,42.761993408203125,1.0,65.38719814741924,6,0,0,0,0
170,19.420700073242188,62.308197021484375,0.0,0.0,59.98955535888672,1613225569.1934407,42.88749694824219,1.0,65.19585275716156,6,0,0,0,0
171,19.434051513671875,62.46307373046875,0.0,0.0,59.89216613769531,1613225569.4807115,43.029022216796875,1.0,64.98141933305025,6,0,0,0,0
172,19.434051513671875,62.59124755859375,0.0,0.0,59.93331527709961,1613225569.7682333,43.157196044921875,1.0,64.7884291011491,6,0,0,0,0
173,19.420700073242188,62.746124267578125,0.0,0.0,60.01479721069336,1613225570.0566254,43.32542419433594,1.0,64.53686231943124,6,0,0,0,0
174,19.420700073242188,62.9010009765625,0.0,0.0,60.078765869140625,1613225570.343694,43.48030090332031,1.0,64.30698219816814,6,0,0,0,0
175,19.420700073242188,63.02650451660156,0.0,0.0,60.00503158569336,1613225570.631794,43.605804443359375,1.0,64.12189780359901,6,0,0,0,0
176,19.420700073242188,63.152008056640625,0.0,0.0,59.961021423339844,1613225570.9190598,43.73130798339844,1.0,63.9378757484748,6,0,0,0,0
177,19.420700073242188,63.28285217285156,0.0,0.0,60.00991439819336,1613225571.207,43.862152099609375,1.0,63.747144230657,6,0,0,0,0
178,19.434051513671875,63.42170715332031,0.0,0.0,59.97487258911133,1613225571.4946702,43.98765563964844,1.0,63.56526383371406,6,0,0,0,0
179,19.420700073242188,63.563232421875,0.0,0.0,60.0555419921875,1613225571.7829463,44.14253234863281,1.0,63.342241312248014,6,0,0,0,0
180,19.420700073242188,63.68873596191406,0.0,0.0,60.01886749267578,1613225572.0706098,44.268035888671875,1.0,63.162660823547576,6,0,0,0,0
181,19.4500732421875,63.77418518066406,0.0,0.0,59.99524688720703,1613225572.3582847,44.32411193847656,1.0,63.08275143880787,6,0,0,0,0
182,19.4500732421875,63.92906188964844,0.0,0.0,60.03273010253906,1613225572.6455514,44.47898864746094,1.0,62.863096063683244,6,0,0,0,0
183,19.434051513671875,64.02786254882812,0.0,0.0,60.024173736572266,1613225572.9338992,44.59381103515625,1.0,62.701233001962386,6,0,0,0,0
184,19.420700073242188,64.16938781738281,0.0,0.0,59.976505279541016,1613225573.2211256,44.748687744140625,1.0,62.48422193178015,6,0,0,0,0
185,19.4073486328125,64.28153991699219,0.0,0.0,60.078758239746094,1613225573.5090039,44.87419128417969,1.0,62.309466892756426,6,0,0,0,0
186,19.463424682617188,64.39369201660156,0.0,0.01983642578125,60.078346252441406,1613225573.7966506,44.930267333984375,1.0,62.23170041202733,6,0,0,0,0
187,19.4500732421875,64.50851440429688,0.0,0.0,60.046173095703125,1613225574.084638,45.058441162109375,1.0,62.054675307145416,6,0,0,0,0
188,19.4500732421875,64.65003967285156,0.0,0.01983642578125,59.941471099853516,1613225574.3724015,45.19996643066406,1.0,61.860376388773666,6,0,0,0,0
189,19.4500732421875,64.74884033203125,0.0,0.0,59.9940185546875,1613225574.65973,45.29876708984375,1.0,61.72545337967294,6,0,0,0,0
190,19.434051513671875,64.86366271972656,0.0,0.0,60.03802490234375,1613225574.947518,45.42961120605469,1.0,61.547674785915,6,0,0,0,0
191,19.4500732421875,64.98916625976562,0.0,0.0,60.009098052978516,1613225575.2356622,45.539093017578125,1.0,61.399706293700696,6,0,0,0,0
192,19.4500732421875,65.13336181640625,0.0,0.0,59.94921875,1613225575.5234885,45.68328857421875,1.0,61.20590315248841,6,0,0,0,0
193,19.4500732421875,65.2294921875,0.0,0.0732421875,59.936988830566406,1613225575.8115354,45.7794189453125,1.0,61.07737932412341,6,0,0,0,0
194,19.434051513671875,65.34164428710938,0.0,0.0,59.87913131713867,1613225576.0992756,45.9075927734375,1.0,60.90685150842088,6,0,0,0,0
195,19.4500732421875,65.45646667480469,0.0,0.0,60.01521301269531,1613225576.3866732,46.00639343261719,1.0,60.77605149067106,6,0,0,0,0
196,19.4500732421875,65.56861877441406,0.0,0.0,59.967952728271484,1613225576.6749935,46.11854553222656,1.0,60.628254943707475,6,0,0,0,0
197,19.4500732421875,65.64071655273438,0.0,0.0335693359375,59.985469818115234,1613225576.9619904,46.190643310546875,1.0,60.53362187147484,6,0,0,0,0
198,19.476776123046875,65.7421875,0.0,0.0,59.9398307800293,1613225577.249807,46.265411376953125,1.0,60.4357954018684,6,0,0,0,0
199,19.4500732421875,65.82496643066406,0.0,0.0,59.96794128417969,1613225577.5377429,46.37489318847656,1.0,60.29311862341059,6,0,0,0,0
200,19.4500732421875,65.91041564941406,0.0,0.0,60.081207275390625,1613225577.8255033,46.46034240722656,1.0,60.1822283540877,6,0,0,0,0
201,19.4500732421875,66.03858947753906,0.0,0.0,59.962242126464844,1613225578.1132438,46.58851623535156,1.0,60.016655650413924,6,0,0,0,0
202,19.434051513671875,66.12403869628906,0.0,0.0152587890625,59.98383712768555,1613225578.4013824,46.68998718261719,1.0,59.88622196927491,6,0,0,0,0
203,19.463424682617188,66.20681762695312,0.0,0.0,59.98098373413086,1613225578.6884403,46.74339294433594,1.0,59.81780012183786,6,0,0,0,0
204,19.4500732421875,66.30828857421875,0.0,0.0,60.04127883911133,1613225578.976421,46.85821533203125,1.0,59.67122128634442,6,0,0,0,0
205,19.476776123046875,66.39106750488281,0.0,0.0,60.025386810302734,1613225579.2636046,46.91429138183594,1.0,59.599897042106655,6,0,0,0,0
206,19.463424682617188,66.5325927734375,0.0,0.0,60.04249954223633,1613225579.5516872,47.06916809082031,1.0,59.40378913784375,6,0,0,0,0
207,19.463424682617188,66.60202026367188,0.0,0.04730224609375,60.005836486816406,1613225579.8398767,47.13859558105469,1.0,59.31629701086341,6,0,0,0,0
208,19.476776123046875,66.71684265136719,0.0,0.01373291015625,59.94676208496094,1613225580.1277118,47.24006652832031,1.0,59.188886503463436,6,0,0,0,0
209,19.463424682617188,66.82899475097656,0.0,0.02899169921875,59.948795318603516,1613225580.4149473,47.365570068359375,1.0,59.032054974223236,6,0,0,0,0
210,19.463424682617188,66.90109252929688,0.0,0.01373291015625,60.07428741455078,1613225580.7027364,47.43766784667969,1.0,58.9423355548985,6,0,0,0,0
211,19.463424682617188,66.98654174804688,0.0,0.0,60.01154327392578,1613225580.9903069,47.52311706542969,1.0,58.83635394351698,6,0,0,0,0
212,19.463424682617188,67.04261779785156,0.0,0.01068115234375,59.96591567993164,1613225581.2788854,47.579193115234375,1.0,58.76701039021056,6,0,0,0,0
213,19.463424682617188,67.14141845703125,0.0,0.02899169921875,59.96632385253906,1613225581.5663774,47.67799377441406,1.0,58.64523053109895,6,0,0,0,0
214,19.4500732421875,67.19749450683594,0.0,0.02899169921875,60.03476333618164,1613225581.8540654,47.74742126464844,1.0,58.55995700088204,6,0,0,0,0
215,19.463424682617188,67.25624084472656,0.0,0.0,59.99972915649414,1613225582.1416872,47.792816162109375,1.0,58.504335184533005,6,0,0,0,0
216,19.463424682617188,67.36839294433594,0.0,0.0457763671875,60.03150177001953,1613225582.4297287,47.90496826171875,1.0,58.36736851353243,6,0,0,0,0
217,19.476776123046875,67.45384216308594,0.0,0.0823974609375,59.94106674194336,1613225582.7173102,47.97706604003906,1.0,58.279656655689415,6,0,0,0,0
218,19.463424682617188,67.56866455078125,0.0,0.0274658203125,60.04535675048828,1613225583.0047772,48.10523986816406,1.0,58.124373640453605,6,0,0,0,0
219,19.463424682617188,67.62474060058594,0.0,0.0,60.046173095703125,1613225583.2932367,48.16131591796875,1.0,58.05669722403924,6,0,0,0,0
220,19.463424682617188,67.73689270019531,0.0,0.0091552734375,60.06612777709961,1613225583.58046,48.273468017578125,1.0,57.921816082131414,6,0,0,0,0
221,19.476776123046875,67.81967163085938,0.0,0.042724609375,59.939430236816406,1613225583.8682745,48.3428955078125,1.0,57.8386318566489,6,0,0,0,0
222,19.4500732421875,67.921142578125,0.0,0.079345703125,60.010318756103516,1613225584.155829,48.4710693359375,1.0,57.685687039046485,6,0,0,0,0
223,19.476776123046875,67.97721862792969,0.0,0.0244140625,59.96672058105469,1613225584.4434247,48.50044250488281,1.0,57.65075103962847,6,0,0,0,0
224,19.463424682617188,68.06266784667969,0.0,0.0,60.009498596191406,1613225584.731636,48.5992431640625,1.0,57.53354896333911,6,0,0,0,0
225,19.463424682617188,68.13209533691406,0.0,0.079345703125,59.96062088012695,1613225585.0191581,48.668670654296875,1.0,57.4514754270148,6,0,0,0,0
226,19.476776123046875,68.24691772460938,0.0,0.06103515625,60.06897735595703,1613225585.3074281,48.7701416015625,1.0,57.33194213385741,6,0,0,0,0
227,19.434051513671875,68.28964233398438,0.0,0.04119873046875,59.944313049316406,1613225585.5947325,48.8555908203125,1.0,57.23166763952623,6,0,0,0,0
228,19.476776123046875,68.37242126464844,0.0,0.04119873046875,59.98343276977539,1613225585.88279,48.89564514160156,1.0,57.184784617594445,6,0,0,0,0
229,19.463424682617188,68.43116760253906,0.0,0.079345703125,60.02579879760742,1613225586.1704464,48.967742919921875,1.0,57.10058845745293,6,0,0,0,0
230,19.476776123046875,68.50326538085938,0.0,0.09613037109375,60.01602554321289,1613225586.4575195,49.0264892578125,1.0,57.03216727302678,6,0,0,0,0
231,19.490127563476562,68.60206604003906,0.0,0.006103515625,60.02581024169922,1613225586.74645,49.1119384765625,1.0,56.9329377518906,6,0,0,0,0
232,19.476776123046875,68.62876892089844,0.0,0.09613037109375,59.97609329223633,1613225587.0334783,49.15199279785156,1.0,56.886542681195834,6,0,0,0,0
233,19.476776123046875,68.71421813964844,0.0,0.04119873046875,59.9781379699707,1613225587.3209288,49.23744201660156,1.0,56.78781881516198,6,0,0,0,0
234,19.463424682617188,68.78631591796875,0.0,0.07781982421875,59.95858383178711,1613225587.6087291,49.32289123535156,1.0,56.68943701655415,6,0,0,0,0
235,19.463424682617188,68.85574340820312,0.0,0.02288818359375,60.01479721069336,1613225587.8965104,49.39231872558594,1.0,56.60975245352066,6,0,0,0,0
236,19.434051513671875,68.94119262695312,0.0,0.05950927734375,60.0290641784668,1613225588.1846666,49.50714111328125,1.0,56.47845691115274,6,0,0,0,0
237,19.490127563476562,69.02397155761719,0.0,0.05950927734375,60.01520919799805,1613225588.4724667,49.533843994140625,1.0,56.44801030365346,6,0,0,0,0
238,19.476776123046875,69.08271789550781,0.0,0.13275146484375,60.04657745361328,1613225588.7597566,49.60594177246094,1.0,56.36596819361424,6,0,0,0,0
239,19.476776123046875,69.1815185546875,0.0,0.14801025390625,59.96183776855469,1613225589.0471117,49.704742431640625,1.0,56.25392667523218,6,0,0,0,0
240,19.463424682617188,69.2242431640625,0.0,0.03814697265625,59.98139190673828,1613225589.335133,49.76081848144531,1.0,56.19053346567061,6,0,0,0,0
241,19.463424682617188,69.32304382324219,0.0,0.09307861328125,59.92477035522461,1613225589.6247199,49.859619140625,1.0,56.079187614222995,6,0,0,0,0
242,19.476776123046875,69.40849304199219,0.0,0.05950927734375,59.987098693847656,1613225589.9111354,49.93171691894531,1.0,55.998213334016356,6,0,0,0,0
243,19.463424682617188,69.4805908203125,0.0,0.05950927734375,59.94105911254883,1613225590.2005785,50.01716613769531,1.0,55.902546107136395,6,0,0,0,0
244,19.490127563476562,69.55001831054688,0.0,0.11444091796875,60.04250717163086,1613225590.4866438,50.05989074707031,1.0,55.8548349673426,6,0,0,0,0
245,19.463424682617188,69.59274291992188,0.0,0.11138916015625,60.06287384033203,1613225590.7738802,50.12931823730469,1.0,55.777477820954125,6,0,0,0,0
246,19.476776123046875,69.67819213867188,0.0,0.091552734375,59.9952392578125,1613225591.0618281,50.201416015625,1.0,55.697371868764456,6,0,0,0,0
247,19.476776123046875,69.74761962890625,0.0,0.05645751953125,59.948402404785156,1613225591.3499582,50.270843505859375,1.0,55.62044996986996,6,0,0,0,0
248,19.463424682617188,69.79034423828125,0.0,0.12969970703125,60.03598403930664,1613225591.6374254,50.32691955566406,1.0,55.55847567956554,6,0,0,0,0
249,19.476776123046875,69.84642028808594,0.0,0.01983642578125,60.034358978271484,1613225591.9254282,50.36964416503906,1.0,55.5113497923327,6,0,0,0,0
250,19.476776123046875,69.91851806640625,0.0,0.146484375,60.001766204833984,1613225592.213107,50.441741943359375,1.0,55.43200588315362,6,0,0,0,0
251,19.519500732421875,69.97459411621094,0.0,0.091552734375,59.974063873291016,1613225592.500624,50.45509338378906,1.0,55.41733745079502,6,0,0,0,0
252,19.490127563476562,70.01731872558594,0.0,0.128173828125,60.07794189453125,1613225592.7885828,50.527191162109375,1.0,55.33826187151315,6,0,0,0,0
253,19.476776123046875,70.04669189453125,0.0,0.146484375,59.953285217285156,1613225593.0764232,50.569915771484375,1.0,55.29150866684822,6,0,0,0,0
254,19.476776123046875,70.11611938476562,0.0,0.11138916015625,59.909690856933594,1613225593.363601,50.63934326171875,1.0,55.21570297051106,6,0,0,0,0
255,19.490127563476562,70.20156860351562,0.0,0.128173828125,60.00462341308594,1613225593.6521115,50.71144104003906,1.0,55.13720136552955,6,0,0,0,0
256,19.490127563476562,70.28701782226562,0.0,0.11138916015625,59.97895050048828,1613225593.9396293,50.79689025878906,1.0,55.04445098737169,6,0,0,0,0
257,19.490127563476562,70.34309387207031,0.0,0.0885009765625,59.92924499511719,1613225594.2275434,50.85296630859375,1.0,54.98375294753055,6,0,0,0,0
258,19.506149291992188,70.37246704101562,0.0,0.0885009765625,60.09098434448242,1613225594.5150342,50.86631774902344,1.0,54.96932075871551,6,0,0,0,0
259,19.476776123046875,70.45524597167969,0.0,0.18310546875,60.01764678955078,1613225594.8025322,50.97846984863281,1.0,54.84838882891267,6,0,0,0,0
260,19.506149291992188,70.54069519042969,0.0,0.0885009765625,59.97732162475586,1613225595.0905883,51.0345458984375,1.0,54.78812218149706,6,0,0,0,0
261,19.490127563476562,70.54069519042969,0.0,0.0885009765625,60.03801727294922,1613225595.3784387,51.050567626953125,1.0,54.770927457515,6,0,0,0,0
262,19.506149291992188,70.61279296875,0.0,0.1434326171875,59.94554138183594,1613225595.6654458,51.10664367675781,1.0,54.71083082359433,6,0,0,0,0
263,19.506149291992188,70.66886901855469,0.0,0.10986328125,60.03231430053711,1613225595.9535098,51.1627197265625,1.0,54.65086592551001,6,0,0,0,0
264,19.476776123046875,70.71159362792969,0.0,0.054931640625,59.89014434814453,1613225596.2414434,51.23481750488281,1.0,54.57396107430926,6,0,0,0,0
265,19.490127563476562,70.75431823730469,0.0,0.10986328125,59.98750305175781,1613225596.5289674,51.264190673828125,1.0,54.5426914851949,6,0,0,0,0
266,19.490127563476562,70.82374572753906,0.0,0.1251220703125,59.979759216308594,1613225596.8170457,51.3336181640625,1.0,54.46892380008176,6,0,0,0,0
267,19.490127563476562,70.85311889648438,0.0,0.0885009765625,60.07754135131836,1613225597.1046827,51.36299133300781,1.0,54.437774428529856,6,0,0,0,0
268,19.490127563476562,70.911865234375,0.0,0.164794921875,59.95695114135742,1613225597.3920586,51.42173767089844,1.0,54.3755824444499,6,0,0,0,0
269,19.490127563476562,70.95191955566406,0.0,0.10986328125,59.98098373413086,1613225597.6798105,51.4617919921875,1.0,54.33326022897321,6,0,0,0,0
270,19.476776123046875,71.00799560546875,0.0,0.03204345703125,60.026615142822266,1613225597.967874,51.531219482421875,1.0,54.2600575776128,6,0,0,0,0
271,19.490127563476562,71.08009338378906,0.0,0.08697509765625,59.992801666259766,1613225598.255949,51.5899658203125,1.0,54.198270762565826,6,0,0,0,0
272,19.476776123046875,71.13616943359375,0.0,0.08697509765625,60.019283294677734,1613225598.5428696,51.659393310546875,1.0,54.125431155420856,6,0,0,0,0
273,19.490127563476562,71.16287231445312,0.0,0.1617431640625,60.01765060424805,1613225598.8304977,51.67274475097656,1.0,54.11144597864564,6,0,0,0,0
274,19.519500732421875,71.19224548339844,0.0,0.0701904296875,59.99850082397461,1613225599.1196747,51.67274475097656,1.0,54.11144597864564,6,0,0,0,0
275,19.490127563476562,71.23497009277344,0.0,0.1068115234375,60.011131286621094,1613225599.4066982,51.744842529296875,1.0,54.03605073448095,6,0,0,0,0
276,19.476776123046875,71.32041931152344,0.0,0.1068115234375,60.08365249633789,1613225599.6945932,51.84364318847656,1.0,53.93307191000628,6,0,0,0,0
277,19.490127563476562,71.38984680175781,0.0,0.08697509765625,59.91783905029297,1613225599.9825485,51.89971923828125,1.0,53.87479888520126,6,0,0,0,0
278,19.519500732421875,71.4459228515625,0.0,0.1068115234375,60.026615142822266,1613225600.2696693,51.926422119140625,1.0,53.84709406216044,6,0,0,0,0
279,19.506149291992188,71.47529602050781,0.0,0.1617431640625,60.02334976196289,1613225600.5573702,51.969146728515625,1.0,53.802825564318766,6,0,0,0,0
280,19.506149291992188,71.50199890136719,0.0,0.12359619140625,59.99076843261719,1613225600.8448324,51.995849609375,1.0,53.77519469662961,6,0,0,0,0
281,19.519500732421875,71.53404235839844,0.0,0.17852783203125,60.07712936401367,1613225601.132494,52.01454162597656,1.0,53.7558699693399,6,0,0,0,0
282,19.490127563476562,71.57676696777344,0.0,0.12359619140625,60.00379943847656,1613225601.4208627,52.086639404296875,1.0,53.68146165963149,6,0,0,0,0
283,19.476776123046875,71.60346984863281,0.0,0.1617431640625,60.087310791015625,1613225601.7088754,52.12669372558594,1.0,53.64021264959642,6,0,0,0,0
284,19.490127563476562,71.64619445800781,0.0,0.12359619140625,59.989952087402344,1613225601.996798,52.15606689453125,1.0,53.610003641858064,6,0,0,0,0
285,19.519500732421875,71.7022705078125,0.0,0.12359619140625,60.054325103759766,1613225602.2845223,52.182769775390625,1.0,53.58257041923917,6,0,0,0,0
286,19.506149291992188,71.77169799804688,0.0,0.10528564453125,60.051876068115234,1613225602.5720713,52.26554870605469,1.0,53.49770557057026,6,0,0,0,0
287,19.490127563476562,71.81709289550781,0.0,0.13885498046875,60.00053787231445,1613225602.8598456,52.32696533203125,1.0,53.4349148363325,6,0,0,0,0
288,19.476776123046875,71.8731689453125,0.0,0.13885498046875,60.005027770996094,1613225603.146819,52.396392822265625,1.0,53.36411125944204,6,0,0,0,0
289,19.506149291992188,71.90254211425781,0.0,0.13885498046875,60.04902267456055,1613225603.4351306,52.396392822265625,1.0,53.36411125944204,6,0,0,0,0
290,19.506149291992188,71.97196960449219,0.0,0.19378662109375,59.97772979736328,1613225603.7230616,52.4658203125,1.0,53.29349506986827,6,0,0,0,0
291,19.506149291992188,71.98532104492188,0.0,0.16021728515625,59.93210220336914,1613225604.0103722,52.47917175292969,1.0,53.279936454117525,6,0,0,0,0
292,19.490127563476562,72.04139709472656,0.0,0.17852783203125,60.01723861694336,1613225604.2977324,52.55126953125,1.0,53.20683898032377,6,0,0,0,0
293,19.490127563476562,72.07077026367188,0.0,0.19378662109375,60.069393157958984,1613225604.5858693,52.58064270019531,1.0,53.17711599882036,6,0,0,0,0
294,19.506149291992188,72.14286804199219,0.0,0.16021728515625,59.93861389160156,1613225604.873481,52.63671875,1.0,53.12046424171935,6,0,0,0,0
295,19.506149291992188,72.16957092285156,0.0,0.17852783203125,60.0351676940918,1613225605.1616435,52.663421630859375,1.0,53.09352961833343,6,0,0,0,0
296,19.519500732421875,72.24166870117188,0.0,0.16021728515625,60.004615783691406,1613225605.449009,52.72216796875,1.0,53.03436948606016,6,0,0,0,0
297,19.519500732421875,72.29774475097656,0.0,0.24871826171875,59.93739318847656,1613225605.7371464,52.77824401855469,1.0,52.978021306995785,6,0,0,0,0
298,19.490127563476562,72.35382080078125,0.0,0.10528564453125,60.024173736572266,1613225606.0253768,52.86369323730469,1.0,52.89238728760781,6,0,0,0,0
299,19.506149291992188,72.38052368164062,0.0,0.17547607421875,59.991981506347656,1613225606.3124769,52.87437438964844,1.0,52.881702496478546,6,0,0,0,0
300,19.490127563476562,72.42324829101562,0.0,0.08392333984375,59.91498947143555,1613225606.6006956,52.93312072753906,1.0,52.82301322366805,6,0,0,0,0
301,19.476776123046875,72.52471923828125,0.0,0.19378662109375,59.960208892822266,1613225606.8880067,53.047943115234375,1.0,52.70867769720989,6,0,0,0,0
302,19.519500732421875,72.53807067871094,0.0,0.16021728515625,59.99931716918945,1613225607.1761787,53.01856994628906,1.0,52.737879180698656,6,0,0,0,0
303,19.490127563476562,72.56744384765625,0.0,0.1373291015625,60.075103759765625,1613225607.4638567,53.07731628417969,1.0,52.67950853412345,6,0,0,0,0
304,19.519500732421875,72.62351989746094,0.0,0.1373291015625,59.972023010253906,1613225607.7517958,53.10401916503906,1.0,52.65301911463629,6,0,0,0,0
305,19.506149291992188,72.63687133789062,0.0,0.1922607421875,60.031097412109375,1613225608.0389762,53.13072204589844,1.0,52.62655632169532,6,0,0,0,0
306,19.506149291992188,72.706298828125,0.0,0.17547607421875,60.03191375732422,1613225608.326716,53.20014953613281,1.0,52.55787738456918,6,0,0,0,0
307,19.506149291992188,72.706298828125,0.0,0.15716552734375,60.02172088623047,1613225608.614766,53.20014953613281,1.0,52.55787738456918,6,0,0,0,0
308,19.490127563476562,72.78106689453125,0.0,0.17547607421875,59.985877990722656,1613225608.9018042,53.29093933105469,1.0,52.46833648007074,6,0,0,0,0
309,19.506149291992188,72.80776977539062,0.0,0.17547607421875,59.956138610839844,1613225609.1900427,53.30162048339844,1.0,52.457822310143364,6,0,0,0,0
310,19.506149291992188,72.86384582519531,0.0,0.17547607421875,59.980987548828125,1613225609.4785466,53.357696533203125,1.0,52.40269197942006,6,0,0,0,0
311,19.519500732421875,72.89321899414062,0.0,0.23040771484375,60.034358978271484,1613225609.765391,53.37371826171875,1.0,52.386961733678795,6,0,0,0,0
312,19.506149291992188,72.919921875,0.0,0.15716552734375,59.98872375488281,1613225610.053422,53.41377258300781,1.0,52.34767740502783,6,0,0,0,0
313,19.490127563476562,72.94929504394531,0.0,0.1373291015625,59.97120666503906,1613225610.3413515,53.45916748046875,1.0,52.303226330308284,6,0,0,0,0
314,19.506149291992188,72.97599792480469,0.0,0.21209716796875,60.01643371582031,1613225610.6286197,53.4698486328125,1.0,52.29277822277127,6,0,0,0,0
315,19.519500732421875,72.98934936523438,0.0,0.1922607421875,59.86691665649414,1613225610.9168391,53.4698486328125,1.0,52.29277822277127,6,0,0,0,0
316,19.532852172851562,73.01872253417969,0.0,0.1922607421875,59.9781379699707,1613225611.2046556,53.485870361328125,1.0,52.277113885809875,6,0,0,0,0
317,19.490127563476562,73.06411743164062,0.0,0.1373291015625,59.920692443847656,1613225611.4915457,53.57398986816406,1.0,52.19112750499785,6,0,0,0,0
318,19.490127563476562,73.10417175292969,0.0,0.1922607421875,59.938209533691406,1613225611.7799623,53.614044189453125,1.0,52.15213622535968,6,0,0,0,0
319,19.532852172851562,73.133544921875,0.0,0.1739501953125,59.97813415527344,1613225612.067966,53.60069274902344,1.0,52.16512684365924,6,0,0,0,0
320,19.519500732421875,73.17626953125,0.0,0.15716552734375,60.00543212890625,1613225612.3557322,53.656768798828125,1.0,52.11060969109047,6,0,0,0,0
321,19.519500732421875,73.18962097167969,0.0,0.1739501953125,60.1268424987793,1613225612.642865,53.67012023925781,1.0,52.097646207909435,6,0,0,0,0
322,19.490127563476562,73.20297241210938,0.0,0.1007080078125,59.987098693847656,1613225612.9308913,53.71284484863281,1.0,52.056206370011026,6,0,0,0,0
323,19.532852172851562,73.23234558105469,0.0,0.1922607421875,60.007869720458984,1613225613.2183352,53.699493408203125,1.0,52.069149235841465,6,0,0,0,0
324,19.519500732421875,73.25904846191406,0.0,0.15716552734375,59.954917907714844,1613225613.5065794,53.73954772949219,1.0,52.03033993206319,6,0,0,0,0
325,19.519500732421875,73.25904846191406,0.0,0.1739501953125,60.033138275146484,1613225613.7935512,53.73954772949219,1.0,52.03033993206319,6,0,0,0,0
326,19.519500732421875,73.34449768066406,0.0,0.1556396484375,59.98343276977539,1613225614.0815933,53.82499694824219,1.0,51.94773979921475,6,0,0,0,0
327,19.519500732421875,73.389892578125,0.0,0.1190185546875,60.084468841552734,1613225614.3697257,53.870391845703125,1.0,51.90396506061127,6,0,0,0,0
328,19.519500732421875,73.41659545898438,0.0,0.13427734375,60.08935546875,1613225614.6570299,53.8970947265625,1.0,51.87824965976872,6,0,0,0,0
329,19.506149291992188,73.45932006835938,0.0,0.1556396484375,59.925167083740234,1613225614.944827,53.95317077636719,1.0,51.82433017237178,6,0,0,0,0
330,19.519500732421875,73.55812072753906,0.0,0.2105712890625,60.024173736572266,1613225615.2324748,54.03861999511719,1.0,51.74238232607461,6,0,0,0,0
331,19.532852172851562,73.59817504882812,0.0,0.3021240234375,60.05513000488281,1613225615.5206313,54.06532287597656,1.0,51.716826746321516,6,0,0,0,0
332,19.532852172851562,73.59817504882812,0.0,0.189208984375,60.03843688964844,1613225615.8095093,54.06532287597656,1.0,51.716826746321516,6,0,0,0,0
333,19.506149291992188,73.62754821777344,0.0,0.1739501953125,59.99238967895508,1613225616.0961525,54.12139892578125,1.0,51.66324211233332,6,0,0,0,0
334,19.532852172851562,73.67294311523438,0.0,0.2105712890625,59.96306610107422,1613225616.384046,54.14009094238281,1.0,51.645405234661986,6,0,0,0,0
335,19.506149291992188,73.71566772460938,0.0,0.2838134765625,60.0506477355957,1613225616.671459,54.20951843261719,1.0,51.57926166852726,6,0,0,0,0
336,19.519500732421875,73.75572204589844,0.0,0.244140625,60.039649963378906,1613225616.9597654,54.23622131347656,1.0,51.55386692594022,6,0,0,0,0
337,19.519500732421875,73.77174377441406,0.0,0.1556396484375,59.98790740966797,1613225617.2474647,54.25224304199219,1.0,51.53864207967573,6,0,0,0,0
338,19.54620361328125,73.78509521484375,0.0,0.1708984375,60.01234817504883,1613225617.5345142,54.2388916015625,1.0,51.55132882693835,6,0,0,0,0
339,19.519500732421875,73.79844665527344,0.0,0.2105712890625,60.04005813598633,1613225617.8224943,54.27894592285156,1.0,51.51328730913425,6,0,0,0,0
340,19.532852172851562,73.82781982421875,0.0,0.189208984375,59.938209533691406,1613225618.1098897,54.29496765136719,1.0,51.49808641778252,6,0,0,0,0
341,19.506149291992188,73.84117126464844,0.0,0.189208984375,60.024166107177734,1613225618.3981583,54.33502197265625,1.0,51.46012340931648,6,0,0,0,0
342,19.54620361328125,73.84117126464844,0.0,0.2105712890625,59.9903564453125,1613225618.6859233,54.29496765136719,1.0,51.49808641778252,6,0,0,0,0
343,19.506149291992188,73.86787414550781,0.0,0.1556396484375,59.99238967895508,1613225618.9736402,54.361724853515625,1.0,51.434845816522824,6,0,0,0,0
344,19.519500732421875,73.88389587402344,0.0,0.2105712890625,60.04780578613281,1613225619.261682,54.36439514160156,1.0,51.43231942299581,6,0,0,0,0
345,19.519500732421875,73.9239501953125,0.0,0.2105712890625,60.024166107177734,1613225619.5496068,54.404449462890625,1.0,51.394453280297036,6,0,0,0,0
346,19.506149291992188,73.95332336425781,0.0,0.244140625,59.97201156616211,1613225619.8367121,54.447174072265625,1.0,51.35412413598685,6,0,0,0,0
347,19.519500732421875,73.99871826171875,0.0,0.189208984375,59.97487258911133,1613225620.1247158,54.479217529296875,1.0,51.32391878898009,6,0,0,0,0
348,19.519500732421875,73.99871826171875,0.0,0.1708984375,59.961021423339844,1613225620.4118013,54.479217529296875,1.0,51.32391878898009,6,0,0,0,0
349,19.54620361328125,73.99871826171875,0.0,0.1708984375,59.95124435424805,1613225620.700487,54.4525146484375,1.0,51.349087442760485,6,0,0,0,0
350,19.532852172851562,74.05479431152344,0.0,0.225830078125,59.947574615478516,1613225620.9876747,54.521942138671875,1.0,51.28370022199881,6,0,0,0,0
351,19.519500732421875,74.0948486328125,0.0,0.2105712890625,59.96305847167969,1613225621.2768888,54.575347900390625,1.0,51.23351556574869,6,0,0,0,0
352,19.532852172851562,74.08149719238281,0.0,0.152587890625,60.0013542175293,1613225621.5635269,54.54864501953125,1.0,51.25859561057234,6,0,0,0,0
353,19.532852172851562,74.11087036132812,0.0,0.189208984375,59.92314147949219,1613225621.8511307,54.57801818847656,1.0,51.23100891104123,6,0,0,0,0
354,19.532852172851562,74.12422180175781,0.0,0.2655029296875,60.10075759887695,1613225622.1392097,54.59136962890625,1.0,51.218479315827224,6,0,0,0,0
355,19.519500732421875,74.1375732421875,0.0,0.225830078125,59.96836471557617,1613225622.4265907,54.618072509765625,1.0,51.193438502628915,6,0,0,0,0
356,19.506149291992188,74.16694641113281,0.0,0.1708984375,59.99238967895508,1613225622.714537,54.660797119140625,1.0,51.153424090511564,6,0,0,0,0
357,19.532852172851562,74.1802978515625,0.0,0.2105712890625,59.99565124511719,1613225623.0024855,54.64744567871094,1.0,51.16592187308927,6,0,0,0,0
358,19.519500732421875,74.19364929199219,0.0,0.244140625,60.034358978271484,1613225623.290347,54.67414855957031,1.0,51.14093241185699,6,0,0,0,0
359,19.506149291992188,74.24972534179688,0.0,0.18768310546875,59.97608947753906,1613225623.5775282,54.74357604980469,1.0,51.07607390531056,6,0,0,0,0
360,19.519500732421875,74.28176879882812,0.0,0.18768310546875,59.97325134277344,1613225623.8654172,54.76226806640625,1.0,51.058640098145695,6,0,0,0,0
361,19.532852172851562,74.3084716796875,0.0,0.20751953125,60.001766204833984,1613225624.1538923,54.77561950683594,1.0,51.04619466351932,6,0,0,0,0
362,19.532852172851562,74.3511962890625,0.0,0.2655029296875,59.9842529296875,1613225624.441224,54.81834411621094,1.0,51.0064100118258,6,0,0,0,0
363,19.532852172851562,74.36454772949219,0.0,0.20751953125,59.943092346191406,1613225624.7283244,54.831695556640625,1.0,50.993990023023855,6,0,0,0,0
364,19.54620361328125,74.40727233886719,0.0,0.18768310546875,59.96061706542969,1613225625.0165386,54.86106872558594,1.0,50.96668732697842,6,0,0,0,0
365,19.532852172851562,74.44999694824219,0.0,0.225830078125,60.05309295654297,1613225625.3041856,54.917144775390625,1.0,50.91464510030009,6,0,0,0,0
366,19.506149291992188,74.46334838867188,0.0,0.20751953125,60.033546447753906,1613225625.5922172,54.95719909667969,1.0,50.87753710377395,6,0,0,0,0
367,19.506149291992188,74.46334838867188,0.0,0.225830078125,59.958988189697266,1613225625.8793752,54.95719909667969,1.0,50.87753710377395,6,0,0,0,0
368,19.519500732421875,74.49272155761719,0.0,0.152587890625,60.064910888671875,1613225626.1681163,54.97322082519531,1.0,50.86270904613454,6,0,0,0,0
369,19.532852172851562,74.50607299804688,0.0,0.18768310546875,59.903167724609375,1613225626.455111,54.97322082519531,1.0,50.86270904613454,6,0,0,0,0
370,19.532852172851562,74.54879760742188,0.0,0.18768310546875,60.04534912109375,1613225626.742539,55.01594543457031,1.0,50.82320978171973,6,0,0,0,0
371,19.519500732421875,74.59419250488281,0.0,0.225830078125,60.0412712097168,1613225627.0307927,55.07469177246094,1.0,50.76899835795257,6,0,0,0,0
372,19.532852172851562,74.57817077636719,0.0,0.16937255859375,59.939842224121094,1613225627.318675,55.045318603515625,1.0,50.7960896057423,6,0,0,0,0
373,19.532852172851562,74.62089538574219,0.0,0.18768310546875,60.05105972290039,1613225627.606483,55.088043212890625,1.0,50.7566937049332,6,0,0,0,0
374,19.54620361328125,74.6502685546875,0.0,0.16937255859375,59.92802429199219,1613225627.8938785,55.10406494140625,1.0,50.74193599209013,6,0,0,0,0
375,19.54620361328125,74.66361999511719,0.0,0.18768310546875,60.053504943847656,1613225628.1821358,55.11741638183594,1.0,50.72964445195348,6,0,0,0,0
376,19.532852172851562,74.67697143554688,0.0,0.20751953125,60.00706100463867,1613225628.4696689,55.14411926269531,1.0,50.70507922777453,6,0,0,0,0
377,19.532852172851562,74.67697143554688,0.0,0.22430419921875,60.03435134887695,1613225628.757666,55.14411926269531,1.0,50.70507922777453,6,0,0,0,0
378,19.519500732421875,74.71969604492188,0.0,0.28076171875,59.98505401611328,1613225629.0448182,55.2001953125,1.0,50.653569617490895,6,0,0,0,0
379,19.532852172851562,74.71969604492188,0.0,0.18768310546875,60.00379943847656,1613225629.333045,55.18684387207031,1.0,50.66582431570967,6,0,0,0,0
380,19.532852172851562,74.76242065429688,0.0,0.29754638671875,59.9830207824707,1613225629.620779,55.22956848144531,1.0,50.62663013744485,6,0,0,0,0
381,19.54620361328125,74.78912353515625,0.0,0.20751953125,59.9891357421875,1613225629.9086034,55.242919921875,1.0,50.614394389635144,6,0,0,0,0
382,19.54620361328125,74.81849670410156,0.0,0.20751953125,60.00706100463867,1613225630.1965208,55.27229309082031,1.0,50.58749655214125,6,0,0,0,0
383,19.532852172851562,74.83184814453125,0.0,0.24261474609375,59.93617248535156,1613225630.4840136,55.29899597167969,1.0,50.56306876878515,6,0,0,0,0
384,19.54620361328125,74.84519958496094,0.0,0.12969970703125,59.95368194580078,1613225630.7720785,55.29899597167969,1.0,50.56306876878515,6,0,0,0,0
385,19.54620361328125,74.87457275390625,0.0,0.24261474609375,60.00136184692383,1613225631.0597522,55.328369140625,1.0,50.536225440770835,6,0,0,0,0
386,19.562225341796875,74.89059448242188,0.0,0.24261474609375,59.941471099853516,1613225631.3471556,55.328369140625,1.0,50.536225440770835,6,0,0,0,0
387,19.54620361328125,74.85855102539062,0.0,0.20751953125,59.95165252685547,1613225631.6352453,55.312347412109375,1.0,50.55086372177135,6,0,0,0,0
388,19.532852172851562,74.87457275390625,0.0,0.24261474609375,59.99728012084961,1613225631.9227118,55.34172058105469,1.0,50.52403334778151,6,0,0,0,0
389,19.54620361328125,74.89059448242188,0.0,0.27923583984375,60.072242736816406,1613225632.2104995,55.344390869140625,1.0,50.521595635085006,6,0,0,0,0
390,19.532852172851562,74.89059448242188,0.0,0.22430419921875,60.075504302978516,1613225632.4995663,55.35774230957031,1.0,50.509410599236496,6,0,0,0,0
